,Unnamed: 0,screen_name,lang,created_at,fav_count,retweet_count,text,location
0,0,MasArdy55351211,in,2020-11-28 12:13:56,0,0,@BKDTegalKab @PemkabTegal @umiazizah60 Progres penetapan NIP CPNS2019 gmna min?üòá,
1,1,Roy_Ritonga,in,2020-11-28 10:33:07,0,69,"RT @BKNgoid: #SobatBKN, Mimin mau ingetin buat kalian kalau hari ini adalah batas akhir pemberkasan online #CPNS2019 di portal https://t.co‚Ä¶","Medan, Sumatera Utara"
2,2,zahrafryna,in,2020-11-28 09:11:04,0,2180,"RT @p3kcpns: -- THREAD KUMPULAN BUKU CPNS DPF GRATIS --

Oke kali ini berhubung jelang CPNS 2019, mau kembali berbagi file soal, materi ata‚Ä¶","Yogyakarta, Indonesia"
3,3,p3kcpns,in,2020-11-28 03:57:36,0,2180,"RT @p3kcpns: -- THREAD KUMPULAN BUKU CPNS DPF GRATIS --

Oke kali ini berhubung jelang CPNS 2019, mau kembali berbagi file soal, materi ata‚Ä¶","Indihiang, Indonesia"
4,4,gue_widagdo,in,2020-11-27 22:59:55,1,0,H+10 Alhamdulillah terpantau 100%acc next step berikutnya semoga tetap dimudahkan ya Rob..sambil menunggu&amp;bergabung‚Ä¶ https://t.co/RZB5muZ3Wj,
5,5,updatecpns_com,in,2020-11-27 13:40:43,2,0,"Update Pertek dan Penetapan NIP #CPNS2019.
Hingga hari ini Jumat (27/11/2020) telah terbit Pertek dan Penetapan NIP‚Ä¶ https://t.co/yYYAcMu58Y",
6,6,NarumiPuspa,in,2020-11-26 16:20:35,0,31,"RT @abiridwan2173: In the middle of difficulty lies opportunity.

Formasi kosong #CPNS2019 dpt diajukan lg tahun 2021 oleh K/L/D.

Peluang‚Ä¶","Negara, Bali, Indonesia"
7,7,heruedi,in,2020-11-26 16:13:23,0,31,"RT @abiridwan2173: In the middle of difficulty lies opportunity.

Formasi kosong #CPNS2019 dpt diajukan lg tahun 2021 oleh K/L/D.

Peluang‚Ä¶",
8,8,dicky_febrian22,in,2020-11-26 07:15:04,0,172,"RT @athfalludin: Sekedar berbagi informasi bagi kawan2 pejuang CPNS, ini cara untuk mengcompress foto.
Semoga dapat membantu
#CPNS2019 #cpn‚Ä¶",Indonesia DKI jakarta
9,9,mchaerulumam,in,2020-11-26 00:54:02,0,0,@mareetaph15 @BKNgoid sy lulus CPNS2019 kak hehe,Comal - Semarang
10,10,updatecpns_com,in,2020-11-25 13:59:03,0,0,"Mohon doanya juga ya, semoga seluruh tim penetapan NIP CPNS Formasi Tahun 2019 diberikan kesehatan üòä‚Ä¶ https://t.co/aOEzOkIabm",
11,11,riskiapu,in,2020-11-25 12:12:43,0,31,"RT @abiridwan2173: In the middle of difficulty lies opportunity.

Formasi kosong #CPNS2019 dpt diajukan lg tahun 2021 oleh K/L/D.

Peluang‚Ä¶","Pondokgede, Indonesia"
12,12,LadimahSukma,in,2020-11-25 11:55:00,2,0,kawal terus info #bkdkaltim semoga berkas para #pejuangnip aman semua #cpns2019 https://t.co/QJVm2DiMhp,"Kota Makassar, Sulawesi Selata"
13,13,Pipipipiii3,in,2020-11-25 06:43:26,0,2180,"RT @p3kcpns: -- THREAD KUMPULAN BUKU CPNS DPF GRATIS --

Oke kali ini berhubung jelang CPNS 2019, mau kembali berbagi file soal, materi ata‚Ä¶",
14,14,sari_2918,in,2020-11-25 02:18:17,0,31,"RT @abiridwan2173: In the middle of difficulty lies opportunity.

Formasi kosong #CPNS2019 dpt diajukan lg tahun 2021 oleh K/L/D.

Peluang‚Ä¶",
15,15,resdvil447,in,2020-11-24 23:43:06,0,0,"Ayo, segera siap2 utk guru yg mau ikut PPPK dan CPNS, akan dibuka kembali dg kuota lumayan banyak. #pppk
#cpns‚Ä¶ https://t.co/8ZbawG9QxR","Jawa Timur, Indonesia"
16,16,aryafep,in,2020-11-24 16:52:39,0,31,"RT @abiridwan2173: In the middle of difficulty lies opportunity.

Formasi kosong #CPNS2019 dpt diajukan lg tahun 2021 oleh K/L/D.

Peluang‚Ä¶","Kota Semarang, Jawa Tengah"
17,17,EmiaFlorensya,in,2020-11-24 15:26:54,0,2180,"RT @p3kcpns: -- THREAD KUMPULAN BUKU CPNS DPF GRATIS --

Oke kali ini berhubung jelang CPNS 2019, mau kembali berbagi file soal, materi ata‚Ä¶","Sumatera Utara, Indonesia"
18,18,Irma60936814,in,2020-11-24 13:43:56,0,69,"RT @BKNgoid: #SobatBKN, Mimin mau ingetin buat kalian kalau hari ini adalah batas akhir pemberkasan online #CPNS2019 di portal https://t.co‚Ä¶",
19,19,marsmellow_3,in,2020-11-24 13:01:46,0,2180,"RT @p3kcpns: -- THREAD KUMPULAN BUKU CPNS DPF GRATIS --

Oke kali ini berhubung jelang CPNS 2019, mau kembali berbagi file soal, materi ata‚Ä¶",Taman depan rumah 
20,20,pengunyahes,in,2020-11-24 12:17:50,0,0,@Ginururu lebih tepatnya kemarin cpns2019 masuk gin,Dimana Kamu Mau
21,21,Nartiart1,in,2020-11-24 10:01:40,0,2180,"RT @p3kcpns: -- THREAD KUMPULAN BUKU CPNS DPF GRATIS --

Oke kali ini berhubung jelang CPNS 2019, mau kembali berbagi file soal, materi ata‚Ä¶",
22,22,EmiaFlorensya,in,2020-11-24 09:52:47,0,1412,"RT @adlcerdikiawan: #CPNS2019 Banyak banget yg dm jadi saya share disini ya nderr semoga sukses tes cpns nyaüôèüèª
Materi dan latsol SKD/UKD 
h‚Ä¶","Sumatera Utara, Indonesia"
23,23,lampostco,in,2020-11-24 08:34:39,0,0,Pemerintah Kabupaten Pesawaran masih memprioritaskan untuk formasi kesehatan dan pendidikan pada seleksi Calon Pega‚Ä¶ https://t.co/dOZTHc9YNe,"Lampung, Indonesia"
24,24,Jajan_melulu,in,2020-11-24 05:56:09,0,439,"RT @hellowooseok: üçÉ Pengalaman tes CPNS Kemenkumham 2018üçÉ #CPNS2019 

A thread https://t.co/43J6XDKAue",
25,25,ari_014nugroho,in,2020-11-24 04:17:44,0,69,"RT @BKNgoid: #SobatBKN, Mimin mau ingetin buat kalian kalau hari ini adalah batas akhir pemberkasan online #CPNS2019 di portal https://t.co‚Ä¶",Jogjakarta-Semarang
26,26,cowokedu,in,2020-11-24 00:26:12,0,0,"Hitung mundur, pindah dari Jakarta, utk jadi abdi negara, yang penting masih di Indonesia.

#BelaPersatuanBangsa‚Ä¶ https://t.co/hP9vIDwKlr",Indonesia
27,27,AmbokariOctav,in,2020-11-23 13:12:12,0,31,"RT @abiridwan2173: In the middle of difficulty lies opportunity.

Formasi kosong #CPNS2019 dpt diajukan lg tahun 2021 oleh K/L/D.

Peluang‚Ä¶",üìåKeerom Papua Indonesia
28,28,uliahikmah,in,2020-11-23 12:08:07,0,31,"RT @abiridwan2173: In the middle of difficulty lies opportunity.

Formasi kosong #CPNS2019 dpt diajukan lg tahun 2021 oleh K/L/D.

Peluang‚Ä¶",Indonesia
29,29,marisaastri,in,2020-11-23 09:24:45,0,69,"RT @BKNgoid: #SobatBKN, Mimin mau ingetin buat kalian kalau hari ini adalah batas akhir pemberkasan online #CPNS2019 di portal https://t.co‚Ä¶",heaven
30,30,HendiYochanan,in,2020-11-23 02:24:50,0,31,"RT @abiridwan2173: In the middle of difficulty lies opportunity.

Formasi kosong #CPNS2019 dpt diajukan lg tahun 2021 oleh K/L/D.

Peluang‚Ä¶",
31,31,TornadoSinar,in,2020-11-23 01:23:25,0,5,"RT @kempanrb: Sahabat Muda, 4 orang peserta CPNS Kementerian PANRB yang dinyatakan lulus telah mengundurkan diri.
__
Pejabat Pembina Kepega‚Ä¶",
32,32,amelliajulita,in,2020-11-23 00:25:51,0,31,"RT @abiridwan2173: In the middle of difficulty lies opportunity.

Formasi kosong #CPNS2019 dpt diajukan lg tahun 2021 oleh K/L/D.

Peluang‚Ä¶","Jakarta, Indonesia"
33,33,Komarud40072693,in,2020-11-22 13:57:11,0,69,"RT @BKNgoid: #SobatBKN, Mimin mau ingetin buat kalian kalau hari ini adalah batas akhir pemberkasan online #CPNS2019 di portal https://t.co‚Ä¶",
34,34,bkn2surabaya,in,2020-11-22 09:39:36,0,69,"RT @BKNgoid: #SobatBKN, Mimin mau ingetin buat kalian kalau hari ini adalah batas akhir pemberkasan online #CPNS2019 di portal https://t.co‚Ä¶","Sidoarjo, Surabaya"
35,35,ronniefss17,in,2020-11-22 06:42:45,0,31,"RT @abiridwan2173: In the middle of difficulty lies opportunity.

Formasi kosong #CPNS2019 dpt diajukan lg tahun 2021 oleh K/L/D.

Peluang‚Ä¶","Kepulauan Riau, Indonesia"
36,36,ayi1894,in,2020-11-22 04:32:52,0,31,"RT @abiridwan2173: In the middle of difficulty lies opportunity.

Formasi kosong #CPNS2019 dpt diajukan lg tahun 2021 oleh K/L/D.

Peluang‚Ä¶","Sumatera Barat, Indonesia"
37,37,HendiYochanan,in,2020-11-22 04:10:11,0,178,"RT @BKNgoid: Dalam masa pemberkasan CPNS2019 ini, #SobatBKN g perlu terlalu khwatir dg berkas yg sdh diunggah, apakah sdh memenuhi syarat /‚Ä¶",
38,38,nggii49,in,2020-11-22 04:08:12,0,2180,"RT @p3kcpns: -- THREAD KUMPULAN BUKU CPNS DPF GRATIS --

Oke kali ini berhubung jelang CPNS 2019, mau kembali berbagi file soal, materi ata‚Ä¶",
39,39,HPrasetyob11,in,2020-11-21 23:58:22,0,69,"RT @BKNgoid: #SobatBKN, Mimin mau ingetin buat kalian kalau hari ini adalah batas akhir pemberkasan online #CPNS2019 di portal https://t.co‚Ä¶",
40,40,Ranis99,in,2020-11-21 23:01:55,0,69,"RT @BKNgoid: #SobatBKN, Mimin mau ingetin buat kalian kalau hari ini adalah batas akhir pemberkasan online #CPNS2019 di portal https://t.co‚Ä¶",
41,41,ApolosDuri,in,2020-11-21 22:54:57,0,0,"#LAPORBKN #CPNS2019 Ijin mau tanya, Kok BKD melaporkan kekurangan berkas 1 jam sebelum penutupan pemberkasan?
Dan k‚Ä¶ https://t.co/u5hQLAovxq","Papua, Indonesia"
42,42,rieza_interisti,in,2020-11-21 22:26:50,0,69,"RT @BKNgoid: #SobatBKN, Mimin mau ingetin buat kalian kalau hari ini adalah batas akhir pemberkasan online #CPNS2019 di portal https://t.co‚Ä¶",Medan
43,43,WiwikAn85883757,in,2020-11-21 18:32:07,0,69,"RT @BKNgoid: #SobatBKN, Mimin mau ingetin buat kalian kalau hari ini adalah batas akhir pemberkasan online #CPNS2019 di portal https://t.co‚Ä¶",
44,44,Bimantara48,in,2020-11-21 17:00:18,0,69,"RT @BKNgoid: #SobatBKN, Mimin mau ingetin buat kalian kalau hari ini adalah batas akhir pemberkasan online #CPNS2019 di portal https://t.co‚Ä¶","Surabaya, Indonesia ."
45,45,Annisakhoriz,in,2020-11-21 15:12:02,0,69,"RT @BKNgoid: #SobatBKN, Mimin mau ingetin buat kalian kalau hari ini adalah batas akhir pemberkasan online #CPNS2019 di portal https://t.co‚Ä¶",
46,46,updatecpns_com,in,2020-11-21 13:47:58,0,0,"#SobatBKN, Mimin mau ingetin buat kalian kalau hari ini adalah batas akhir pemberkasan online #CPNS2019 di portal‚Ä¶ https://t.co/7uF0ZeNcBf",
47,47,GitaaSS,in,2020-11-21 13:26:12,0,69,"RT @BKNgoid: #SobatBKN, Mimin mau ingetin buat kalian kalau hari ini adalah batas akhir pemberkasan online #CPNS2019 di portal https://t.co‚Ä¶",West-central-east ind
48,48,Megayan48826771,in,2020-11-21 12:27:28,0,69,"RT @BKNgoid: #SobatBKN, Mimin mau ingetin buat kalian kalau hari ini adalah batas akhir pemberkasan online #CPNS2019 di portal https://t.co‚Ä¶",
49,49,Renol_07,in,2020-11-21 11:39:48,0,69,"RT @BKNgoid: #SobatBKN, Mimin mau ingetin buat kalian kalau hari ini adalah batas akhir pemberkasan online #CPNS2019 di portal https://t.co‚Ä¶",
50,50,_zzzaaa666,in,2020-11-21 11:37:47,0,69,"RT @BKNgoid: #SobatBKN, Mimin mau ingetin buat kalian kalau hari ini adalah batas akhir pemberkasan online #CPNS2019 di portal https://t.co‚Ä¶","Yogyakarta, Indonesia"
51,51,katrimasinaga,in,2020-11-21 11:36:52,0,69,"RT @BKNgoid: #SobatBKN, Mimin mau ingetin buat kalian kalau hari ini adalah batas akhir pemberkasan online #CPNS2019 di portal https://t.co‚Ä¶","Jakarta, Indonesia"
52,52,nmdtrynt,in,2020-11-21 10:36:50,0,69,"RT @BKNgoid: #SobatBKN, Mimin mau ingetin buat kalian kalau hari ini adalah batas akhir pemberkasan online #CPNS2019 di portal https://t.co‚Ä¶",
53,53,eliaabeautyy,in,2020-11-21 09:56:18,0,69,"RT @BKNgoid: #SobatBKN, Mimin mau ingetin buat kalian kalau hari ini adalah batas akhir pemberkasan online #CPNS2019 di portal https://t.co‚Ä¶","medan,sumatra utara"
54,54,wattabi_,in,2020-11-21 09:13:50,0,69,"RT @BKNgoid: #SobatBKN, Mimin mau ingetin buat kalian kalau hari ini adalah batas akhir pemberkasan online #CPNS2019 di portal https://t.co‚Ä¶","Kota Surabaya, Jawa Timur"
55,55,kppn_jayapura,in,2020-11-21 08:40:21,0,69,"RT @BKNgoid: #SobatBKN, Mimin mau ingetin buat kalian kalau hari ini adalah batas akhir pemberkasan online #CPNS2019 di portal https://t.co‚Ä¶",Jayapura
56,56,Gbigboss2,in,2020-11-21 07:22:56,0,69,"RT @BKNgoid: #SobatBKN, Mimin mau ingetin buat kalian kalau hari ini adalah batas akhir pemberkasan online #CPNS2019 di portal https://t.co‚Ä¶",
57,57,holikkurniawan_,in,2020-11-21 07:11:41,0,69,"RT @BKNgoid: #SobatBKN, Mimin mau ingetin buat kalian kalau hari ini adalah batas akhir pemberkasan online #CPNS2019 di portal https://t.co‚Ä¶",Banggai
58,58,RendiSa03267539,in,2020-11-21 06:52:29,0,69,"RT @BKNgoid: #SobatBKN, Mimin mau ingetin buat kalian kalau hari ini adalah batas akhir pemberkasan online #CPNS2019 di portal https://t.co‚Ä¶","Kalimantan Barat, Indonesia"
59,59,TornadoSinar,in,2020-11-21 06:50:05,0,69,"RT @BKNgoid: #SobatBKN, Mimin mau ingetin buat kalian kalau hari ini adalah batas akhir pemberkasan online #CPNS2019 di portal https://t.co‚Ä¶",
60,60,Reginaddicts,in,2020-11-21 06:18:24,0,69,"RT @BKNgoid: #SobatBKN, Mimin mau ingetin buat kalian kalau hari ini adalah batas akhir pemberkasan online #CPNS2019 di portal https://t.co‚Ä¶","South Sumatra, Indonesia"
61,61,UtaryCarlina,in,2020-11-21 06:15:25,0,69,"RT @BKNgoid: #SobatBKN, Mimin mau ingetin buat kalian kalau hari ini adalah batas akhir pemberkasan online #CPNS2019 di portal https://t.co‚Ä¶","Bandung, Indonesia"
62,62,thoyibfaisal,in,2020-11-21 06:03:23,0,69,"RT @BKNgoid: #SobatBKN, Mimin mau ingetin buat kalian kalau hari ini adalah batas akhir pemberkasan online #CPNS2019 di portal https://t.co‚Ä¶","Banyuwangi, Indonesia"
63,63,KontanNews,in,2020-11-21 05:56:03,2,1,"Pemberkasan kelar Sabtu (21/11), kapan CPNS 2019 mulai bekerja? https://t.co/BK6Y8JhO5O #CPNS2019","Jakarta, Indonesia"
64,64,liau93,in,2020-11-21 05:55:52,0,69,"RT @BKNgoid: #SobatBKN, Mimin mau ingetin buat kalian kalau hari ini adalah batas akhir pemberkasan online #CPNS2019 di portal https://t.co‚Ä¶",Indonesia
65,65,Rurur_ID,in,2020-11-21 05:54:43,0,69,"RT @BKNgoid: #SobatBKN, Mimin mau ingetin buat kalian kalau hari ini adalah batas akhir pemberkasan online #CPNS2019 di portal https://t.co‚Ä¶","Kota Yogyakarta, Yogyakarta"
66,66,medlistel_,in,2020-11-21 05:49:51,0,69,"RT @BKNgoid: #SobatBKN, Mimin mau ingetin buat kalian kalau hari ini adalah batas akhir pemberkasan online #CPNS2019 di portal https://t.co‚Ä¶","Bengkulu, Indonesia"
67,67,riceinabowl131,in,2020-11-21 05:34:25,0,69,"RT @BKNgoid: #SobatBKN, Mimin mau ingetin buat kalian kalau hari ini adalah batas akhir pemberkasan online #CPNS2019 di portal https://t.co‚Ä¶",Outer Space üõ∏
68,68,agatachristy3,in,2020-11-21 05:34:01,0,69,"RT @BKNgoid: #SobatBKN, Mimin mau ingetin buat kalian kalau hari ini adalah batas akhir pemberkasan online #CPNS2019 di portal https://t.co‚Ä¶","Tegal, Jawa Tengah"
69,69,LuckyEkki,in,2020-11-21 05:23:53,0,69,"RT @BKNgoid: #SobatBKN, Mimin mau ingetin buat kalian kalau hari ini adalah batas akhir pemberkasan online #CPNS2019 di portal https://t.co‚Ä¶","Kota Palopo, Sulawesi Selatan"
70,70,tribunjambiku,in,2020-11-21 05:15:40,0,0,"Kapan CPNS 2019 Mulai Bekerja? Bocoran Pembukaan Pendaftaran CPNS 2021 Sekitar Bulan Maret
 
#CPNS #pembukaancpns‚Ä¶ https://t.co/2rnr75QdlP",Jambi
71,71,andieeeeer,in,2020-11-21 05:15:02,0,69,"RT @BKNgoid: #SobatBKN, Mimin mau ingetin buat kalian kalau hari ini adalah batas akhir pemberkasan online #CPNS2019 di portal https://t.co‚Ä¶","√úT: -5.1371669,119.4782981"
72,72,stqmhh,in,2020-11-21 05:08:24,0,69,"RT @BKNgoid: #SobatBKN, Mimin mau ingetin buat kalian kalau hari ini adalah batas akhir pemberkasan online #CPNS2019 di portal https://t.co‚Ä¶",Banjarmasin
73,73,lintangtingtung,in,2020-11-21 05:07:48,0,69,"RT @BKNgoid: #SobatBKN, Mimin mau ingetin buat kalian kalau hari ini adalah batas akhir pemberkasan online #CPNS2019 di portal https://t.co‚Ä¶","Surabaya, Indonesia"
74,74,melukisenjaaa,in,2020-11-21 05:03:03,0,69,"RT @BKNgoid: #SobatBKN, Mimin mau ingetin buat kalian kalau hari ini adalah batas akhir pemberkasan online #CPNS2019 di portal https://t.co‚Ä¶",Deep Sea
75,75,erikphitoyo1,in,2020-11-21 05:02:48,0,69,"RT @BKNgoid: #SobatBKN, Mimin mau ingetin buat kalian kalau hari ini adalah batas akhir pemberkasan online #CPNS2019 di portal https://t.co‚Ä¶",Madiun
76,76,SUPRIYA28039536,in,2020-11-21 04:55:39,0,69,"RT @BKNgoid: #SobatBKN, Mimin mau ingetin buat kalian kalau hari ini adalah batas akhir pemberkasan online #CPNS2019 di portal https://t.co‚Ä¶",
77,77,martinyepe2,in,2020-11-21 04:45:41,0,69,"RT @BKNgoid: #SobatBKN, Mimin mau ingetin buat kalian kalau hari ini adalah batas akhir pemberkasan online #CPNS2019 di portal https://t.co‚Ä¶",
78,78,Putrii96,in,2020-11-21 04:45:09,0,69,"RT @BKNgoid: #SobatBKN, Mimin mau ingetin buat kalian kalau hari ini adalah batas akhir pemberkasan online #CPNS2019 di portal https://t.co‚Ä¶",
79,79,mayowiinatasya,in,2020-11-21 04:44:44,0,69,"RT @BKNgoid: #SobatBKN, Mimin mau ingetin buat kalian kalau hari ini adalah batas akhir pemberkasan online #CPNS2019 di portal https://t.co‚Ä¶",
80,80,APENG_23,in,2020-11-21 04:43:00,0,69,"RT @BKNgoid: #SobatBKN, Mimin mau ingetin buat kalian kalau hari ini adalah batas akhir pemberkasan online #CPNS2019 di portal https://t.co‚Ä¶",Mataram - Lombok - NTB
81,81,rizkadwisvra,in,2020-11-21 04:34:28,0,69,"RT @BKNgoid: #SobatBKN, Mimin mau ingetin buat kalian kalau hari ini adalah batas akhir pemberkasan online #CPNS2019 di portal https://t.co‚Ä¶","Medan,Indonesia"
82,82,hacloudies,in,2020-11-21 04:34:03,0,69,"RT @BKNgoid: #SobatBKN, Mimin mau ingetin buat kalian kalau hari ini adalah batas akhir pemberkasan online #CPNS2019 di portal https://t.co‚Ä¶",Sapphire Blue Ocean 
83,83,faridk1810,in,2020-11-21 04:27:44,0,69,"RT @BKNgoid: #SobatBKN, Mimin mau ingetin buat kalian kalau hari ini adalah batas akhir pemberkasan online #CPNS2019 di portal https://t.co‚Ä¶","Purwokerto Selatan, Indonesia"
84,84,Beny_Hartanto89,in,2020-11-21 04:22:21,0,69,"RT @BKNgoid: #SobatBKN, Mimin mau ingetin buat kalian kalau hari ini adalah batas akhir pemberkasan online #CPNS2019 di portal https://t.co‚Ä¶",Bondowoso
85,85,yonikaps,in,2020-11-21 04:21:38,0,69,"RT @BKNgoid: #SobatBKN, Mimin mau ingetin buat kalian kalau hari ini adalah batas akhir pemberkasan online #CPNS2019 di portal https://t.co‚Ä¶",
86,86,putribayu_,in,2020-11-21 04:20:23,0,69,"RT @BKNgoid: #SobatBKN, Mimin mau ingetin buat kalian kalau hari ini adalah batas akhir pemberkasan online #CPNS2019 di portal https://t.co‚Ä¶","Jawa Barat, Indonesia"
87,87,candycoco__,in,2020-11-21 04:19:03,0,784,RT @adlcerdikiawan: #CPNS2019 ayo tetap semangat dan yang mau mulai belajar gue ada banyak soal soal yang mau rep ajaüôèüèª https://t.co/A73k7L‚Ä¶,
88,88,UlfatulGold,in,2020-11-21 04:17:56,0,69,"RT @BKNgoid: #SobatBKN, Mimin mau ingetin buat kalian kalau hari ini adalah batas akhir pemberkasan online #CPNS2019 di portal https://t.co‚Ä¶",Indonesia
89,89,BKNgoid,in,2020-11-21 04:16:33,551,69,"#SobatBKN, Mimin mau ingetin buat kalian kalau hari ini adalah batas akhir pemberkasan online #CPNS2019 di portal‚Ä¶ https://t.co/ZNlifAQGKj","Jakarta, Indonesia"
90,90,katrimasinaga,in,2020-11-21 03:07:51,0,31,"RT @abiridwan2173: In the middle of difficulty lies opportunity.

Formasi kosong #CPNS2019 dpt diajukan lg tahun 2021 oleh K/L/D.

Peluang‚Ä¶","Jakarta, Indonesia"
91,91,jejejejelo,in,2020-11-20 22:22:10,0,31,"RT @abiridwan2173: In the middle of difficulty lies opportunity.

Formasi kosong #CPNS2019 dpt diajukan lg tahun 2021 oleh K/L/D.

Peluang‚Ä¶",(+62) 
92,92,imam_15,in,2020-11-20 14:35:54,0,31,"RT @abiridwan2173: In the middle of difficulty lies opportunity.

Formasi kosong #CPNS2019 dpt diajukan lg tahun 2021 oleh K/L/D.

Peluang‚Ä¶",Sambas Kalimantan Barat
93,93,ayudyaane,in,2020-11-20 11:03:19,0,31,"RT @abiridwan2173: In the middle of difficulty lies opportunity.

Formasi kosong #CPNS2019 dpt diajukan lg tahun 2021 oleh K/L/D.

Peluang‚Ä¶",Indonesia
94,94,anzacia09,in,2020-11-20 09:46:58,0,30,"RT @abiridwan2173: Top 10 univ asal pelamar #CPNS2019 yg paling banyak lulus:

1. UT @UnivTerbuka 
2. UGM @UGMYogyakarta 
3. UPI @upi_offic‚Ä¶","Sungai Keruh, Indonesia"
95,95,anzacia09,in,2020-11-20 09:46:54,0,33,"RT @abiridwan2173: Fun fact lulusan seleksi #CPNS2019:

Jenis Kelamin
Wanita 60,93%
Pria 39,07%

Rentang Usia
18-20 1,49% 
21-25 31,43% 
26‚Ä¶","Sungai Keruh, Indonesia"
96,96,anzacia09,in,2020-11-20 09:43:38,0,31,"RT @abiridwan2173: In the middle of difficulty lies opportunity.

Formasi kosong #CPNS2019 dpt diajukan lg tahun 2021 oleh K/L/D.

Peluang‚Ä¶","Sungai Keruh, Indonesia"
97,97,thoyibfaisal,en,2020-11-20 09:31:31,0,22,"RT @abiridwan2173: As of Nov 19, 2020 at 20.00, 98,72% of #CPNS2019 has uploaded their CVs into the system.

Whether you got the notif or n‚Ä¶","Banyuwangi, Indonesia"
98,98,Gbigboss2,in,2020-11-20 09:29:37,0,31,"RT @abiridwan2173: In the middle of difficulty lies opportunity.

Formasi kosong #CPNS2019 dpt diajukan lg tahun 2021 oleh K/L/D.

Peluang‚Ä¶",
99,99,Gbigboss2,en,2020-11-20 09:27:39,0,22,"RT @abiridwan2173: As of Nov 19, 2020 at 20.00, 98,72% of #CPNS2019 has uploaded their CVs into the system.

Whether you got the notif or n‚Ä¶",
100,100,OnikSri,in,2020-11-20 05:54:42,0,178,"RT @BKNgoid: Dalam masa pemberkasan CPNS2019 ini, #SobatBKN g perlu terlalu khwatir dg berkas yg sdh diunggah, apakah sdh memenuhi syarat /‚Ä¶",
101,101,FiransyahNahar,in,2020-11-20 05:09:38,0,31,"RT @abiridwan2173: In the middle of difficulty lies opportunity.

Formasi kosong #CPNS2019 dpt diajukan lg tahun 2021 oleh K/L/D.

Peluang‚Ä¶","Kota Makassar, Sulawesi Selata"
102,102,Rolyadins,in,2020-11-20 05:02:06,0,31,"RT @abiridwan2173: In the middle of difficulty lies opportunity.

Formasi kosong #CPNS2019 dpt diajukan lg tahun 2021 oleh K/L/D.

Peluang‚Ä¶",
103,103,mofrizal,in,2020-11-20 04:56:11,0,22,"RT @abiridwan2173: Per 16 Nov 2020 pukul 15.00 WIB, 136.957 peserta pemberkasan #CPNS2019 telah unggah DRH.

Hiruk pikuk pembuatan SKCK, su‚Ä¶",Jakarta - Indonesia
104,104,abdulone_,in,2020-11-20 04:23:24,0,31,"RT @abiridwan2173: In the middle of difficulty lies opportunity.

Formasi kosong #CPNS2019 dpt diajukan lg tahun 2021 oleh K/L/D.

Peluang‚Ä¶",
105,105,niasasnia,in,2020-11-20 03:55:02,0,31,"RT @abiridwan2173: In the middle of difficulty lies opportunity.

Formasi kosong #CPNS2019 dpt diajukan lg tahun 2021 oleh K/L/D.

Peluang‚Ä¶",Indonesia
106,106,FBilayudha,in,2020-11-20 03:35:14,0,31,"RT @abiridwan2173: In the middle of difficulty lies opportunity.

Formasi kosong #CPNS2019 dpt diajukan lg tahun 2021 oleh K/L/D.

Peluang‚Ä¶",Belitung
107,107,elfhap,in,2020-11-20 03:34:45,0,31,"RT @abiridwan2173: In the middle of difficulty lies opportunity.

Formasi kosong #CPNS2019 dpt diajukan lg tahun 2021 oleh K/L/D.

Peluang‚Ä¶",Indonesia
108,108,risma13314861,in,2020-11-20 03:34:29,0,31,"RT @abiridwan2173: In the middle of difficulty lies opportunity.

Formasi kosong #CPNS2019 dpt diajukan lg tahun 2021 oleh K/L/D.

Peluang‚Ä¶",
109,109,aigokamjagiyaa,in,2020-11-20 03:29:41,0,31,"RT @abiridwan2173: In the middle of difficulty lies opportunity.

Formasi kosong #CPNS2019 dpt diajukan lg tahun 2021 oleh K/L/D.

Peluang‚Ä¶",
110,110,Mas_Hardiyanto,in,2020-11-20 03:29:41,0,31,"RT @abiridwan2173: In the middle of difficulty lies opportunity.

Formasi kosong #CPNS2019 dpt diajukan lg tahun 2021 oleh K/L/D.

Peluang‚Ä¶",
111,111,abiridwan2173,in,2020-11-20 03:28:55,105,31,"In the middle of difficulty lies opportunity.

Formasi kosong #CPNS2019 dpt diajukan lg tahun 2021 oleh K/L/D.

Pel‚Ä¶ https://t.co/BrygPTtneN","Jakarta, Indonesia"
0,0,Roy_Ritonga,in,2020-11-28 10:33:07,0,69,"RT @BKNgoid: #SobatBKN, Mimin mau ingetin buat kalian kalau hari ini adalah batas akhir pemberkasan online #CPNS2019 di portal https://t.co‚Ä¶","Medan, Sumatera Utara"
1,1,kadek_susani,in,2020-11-27 14:41:14,0,300,"RT @BKNgoid: #SobatBKN, Penetapan TMT Peserta Lulus Seleksi CPNS 2019 Bergantung Usul Masuk Instansi https://t.co/UubdX3JUJN",indonesia
2,2,updatecpns_com,in,2020-11-27 13:41:51,1,0,Hai hai #sobatBKN kesayangan gimana kabarnya? Mimin mau nyampein kabar gembira nih buat #sobatBKN yang dari kemaren‚Ä¶ https://t.co/0jLQ3aX9Tv,
3,3,updatecpns_com,in,2020-11-27 13:40:43,2,0,"Update Pertek dan Penetapan NIP #CPNS2019.
Hingga hari ini Jumat (27/11/2020) telah terbit Pertek dan Penetapan NIP‚Ä¶ https://t.co/yYYAcMu58Y",
4,4,4dysuryanugraha,in,2020-11-26 12:30:01,0,7,"RT @BKNgoid: Hai #SobatBKN, terkait surat usulan Uji Kompetensi Kenaikan Jenjang Jabatan Fungsional Analis Kepegawaian dan Auditor Kepegawa‚Ä¶",Sidoarjo|Jawa Timur|Indonesia
5,5,mutmainnahmust_,in,2020-11-26 04:01:59,0,7,"RT @BKNgoid: Hai #SobatBKN, terkait surat usulan Uji Kompetensi Kenaikan Jenjang Jabatan Fungsional Analis Kepegawaian dan Auditor Kepegawa‚Ä¶","Kota Makassar, Sulawesi Selata"
6,6,BKNgoid,in,2020-11-26 04:00:19,110,7,"Hai #SobatBKN, terkait surat usulan Uji Kompetensi Kenaikan Jenjang Jabatan Fungsional Analis Kepegawaian dan Audit‚Ä¶ https://t.co/zDiSa5rjzD","Jakarta, Indonesia"
7,7,Irma60936814,in,2020-11-24 13:43:56,0,69,"RT @BKNgoid: #SobatBKN, Mimin mau ingetin buat kalian kalau hari ini adalah batas akhir pemberkasan online #CPNS2019 di portal https://t.co‚Ä¶",
8,8,bayuzigner,in,2020-11-24 11:27:59,0,300,"RT @BKNgoid: #SobatBKN, Penetapan TMT Peserta Lulus Seleksi CPNS 2019 Bergantung Usul Masuk Instansi https://t.co/UubdX3JUJN",Instagram.com/bayualdit
9,9,ari_014nugroho,in,2020-11-24 04:17:44,0,69,"RT @BKNgoid: #SobatBKN, Mimin mau ingetin buat kalian kalau hari ini adalah batas akhir pemberkasan online #CPNS2019 di portal https://t.co‚Ä¶",Jogjakarta-Semarang
10,10,mrptrshn,in,2020-11-24 03:05:35,0,5,"RT @BKNgoid: Hai #SobatBKN, Kepala BKN Bima H. Wibisana menyerahkan Pertimbangan Teknis tentang Penugasan PNS di lingkungan BP Batam kepada‚Ä¶","Tanjung Pinang City, Indonesia"
11,11,bankdann,in,2020-11-23 10:57:04,0,387,"RT @BKNgoid: Selamat pagi, keberkahan u/ kita semua. 

Perlu #SobatBKN tahu, stl berkas #CPNS2018 diterima &amp; diverval oleh BKN, kami akan t‚Ä¶",
12,12,bankdann,in,2020-11-23 10:39:57,0,26,"RT @BKNgoid: #SobatBKN, Ka BKN, Bima Haria Wibisana menandatangani Surat Kepala No. K26-30/V 64-6/99 pd 6/5/2019 ttg tindak lanjut penetapa‚Ä¶",
13,13,eradedenzu,in,2020-11-23 10:08:04,0,5,"RT @BKNgoid: Hai #SobatBKN, Kepala BKN Bima H. Wibisana menyerahkan Pertimbangan Teknis tentang Penugasan PNS di lingkungan BP Batam kepada‚Ä¶",
14,14,marisaastri,in,2020-11-23 09:24:45,0,69,"RT @BKNgoid: #SobatBKN, Mimin mau ingetin buat kalian kalau hari ini adalah batas akhir pemberkasan online #CPNS2019 di portal https://t.co‚Ä¶",heaven
15,15,BETAWI_KOTA,in,2020-11-23 06:43:06,0,5,"RT @BKNgoid: Hai #SobatBKN, Kepala BKN Bima H. Wibisana menyerahkan Pertimbangan Teknis tentang Penugasan PNS di lingkungan BP Batam kepada‚Ä¶",
16,16,Handiafahru,in,2020-11-23 06:42:51,0,5,"RT @BKNgoid: Hai #SobatBKN, Kepala BKN Bima H. Wibisana menyerahkan Pertimbangan Teknis tentang Penugasan PNS di lingkungan BP Batam kepada‚Ä¶",Narmada
17,17,BKNgoid,in,2020-11-23 06:35:30,197,5,"Hai #SobatBKN, Kepala BKN Bima H. Wibisana menyerahkan Pertimbangan Teknis tentang Penugasan PNS di lingkungan BP B‚Ä¶ https://t.co/8mkMmBre7e","Jakarta, Indonesia"
18,18,Rurur_ID,in,2020-11-23 02:58:04,0,66,RT @BKNgoid: Inga...Inga...Pascaterima notifikasi dari DocuDigital #SobatBKN hanya diberikan kesempatan satu kali untuk mengunggah ulang ke‚Ä¶,"Kota Yogyakarta, Yogyakarta"
19,19,Renzomme,in,2020-11-22 14:34:09,0,57,"RT @BKNgoid: #SobatBKN semua, Pilkada serentak tahun 2020 kian mendekat. Mimin mau ingatkan sejawat ASN agar tetap bersikap NETRAL selama r‚Ä¶","Purbalingga, Indonesia"
20,20,Komarud40072693,in,2020-11-22 13:57:11,0,69,"RT @BKNgoid: #SobatBKN, Mimin mau ingetin buat kalian kalau hari ini adalah batas akhir pemberkasan online #CPNS2019 di portal https://t.co‚Ä¶",
21,21,bkn2surabaya,in,2020-11-22 09:39:36,0,69,"RT @BKNgoid: #SobatBKN, Mimin mau ingetin buat kalian kalau hari ini adalah batas akhir pemberkasan online #CPNS2019 di portal https://t.co‚Ä¶","Sidoarjo, Surabaya"
22,22,HendiYochanan,in,2020-11-22 04:10:11,0,178,"RT @BKNgoid: Dalam masa pemberkasan CPNS2019 ini, #SobatBKN g perlu terlalu khwatir dg berkas yg sdh diunggah, apakah sdh memenuhi syarat /‚Ä¶",
23,23,HPrasetyob11,in,2020-11-21 23:58:22,0,69,"RT @BKNgoid: #SobatBKN, Mimin mau ingetin buat kalian kalau hari ini adalah batas akhir pemberkasan online #CPNS2019 di portal https://t.co‚Ä¶",
24,24,Ranis99,in,2020-11-21 23:01:55,0,69,"RT @BKNgoid: #SobatBKN, Mimin mau ingetin buat kalian kalau hari ini adalah batas akhir pemberkasan online #CPNS2019 di portal https://t.co‚Ä¶",
25,25,rieza_interisti,in,2020-11-21 22:26:50,0,69,"RT @BKNgoid: #SobatBKN, Mimin mau ingetin buat kalian kalau hari ini adalah batas akhir pemberkasan online #CPNS2019 di portal https://t.co‚Ä¶",Medan
26,26,WiwikAn85883757,in,2020-11-21 18:32:07,0,69,"RT @BKNgoid: #SobatBKN, Mimin mau ingetin buat kalian kalau hari ini adalah batas akhir pemberkasan online #CPNS2019 di portal https://t.co‚Ä¶",
27,27,Bimantara48,in,2020-11-21 17:00:18,0,69,"RT @BKNgoid: #SobatBKN, Mimin mau ingetin buat kalian kalau hari ini adalah batas akhir pemberkasan online #CPNS2019 di portal https://t.co‚Ä¶","Surabaya, Indonesia ."
28,28,RembangBkd,in,2020-11-21 16:25:07,0,300,"RT @BKNgoid: #SobatBKN, Penetapan TMT Peserta Lulus Seleksi CPNS 2019 Bergantung Usul Masuk Instansi https://t.co/UubdX3JUJN",
29,29,Annisakhoriz,in,2020-11-21 15:12:02,0,69,"RT @BKNgoid: #SobatBKN, Mimin mau ingetin buat kalian kalau hari ini adalah batas akhir pemberkasan online #CPNS2019 di portal https://t.co‚Ä¶",
30,30,ardianiputri230,in,2020-11-21 14:13:37,0,177,"RT @BKNgoid: ""Waktu mengajarkan betapa berharganya sebuah kesempatan"" ~SpongeBob 

Selamat malam #SobatBKN 

Istirahatkan lelah hari ini
Be‚Ä¶",Indonesia
31,31,updatecpns_com,in,2020-11-21 13:47:58,0,0,"#SobatBKN, Mimin mau ingetin buat kalian kalau hari ini adalah batas akhir pemberkasan online #CPNS2019 di portal‚Ä¶ https://t.co/7uF0ZeNcBf",
32,32,GitaaSS,in,2020-11-21 13:26:12,0,69,"RT @BKNgoid: #SobatBKN, Mimin mau ingetin buat kalian kalau hari ini adalah batas akhir pemberkasan online #CPNS2019 di portal https://t.co‚Ä¶",West-central-east ind
33,33,Megayan48826771,in,2020-11-21 12:27:28,0,69,"RT @BKNgoid: #SobatBKN, Mimin mau ingetin buat kalian kalau hari ini adalah batas akhir pemberkasan online #CPNS2019 di portal https://t.co‚Ä¶",
34,34,Renol_07,in,2020-11-21 11:39:48,0,69,"RT @BKNgoid: #SobatBKN, Mimin mau ingetin buat kalian kalau hari ini adalah batas akhir pemberkasan online #CPNS2019 di portal https://t.co‚Ä¶",
35,35,_zzzaaa666,in,2020-11-21 11:37:47,0,69,"RT @BKNgoid: #SobatBKN, Mimin mau ingetin buat kalian kalau hari ini adalah batas akhir pemberkasan online #CPNS2019 di portal https://t.co‚Ä¶","Yogyakarta, Indonesia"
36,36,katrimasinaga,in,2020-11-21 11:36:52,0,69,"RT @BKNgoid: #SobatBKN, Mimin mau ingetin buat kalian kalau hari ini adalah batas akhir pemberkasan online #CPNS2019 di portal https://t.co‚Ä¶","Jakarta, Indonesia"
37,37,nmdtrynt,in,2020-11-21 10:36:50,0,69,"RT @BKNgoid: #SobatBKN, Mimin mau ingetin buat kalian kalau hari ini adalah batas akhir pemberkasan online #CPNS2019 di portal https://t.co‚Ä¶",
38,38,eliaabeautyy,in,2020-11-21 09:56:18,0,69,"RT @BKNgoid: #SobatBKN, Mimin mau ingetin buat kalian kalau hari ini adalah batas akhir pemberkasan online #CPNS2019 di portal https://t.co‚Ä¶","medan,sumatra utara"
39,39,wattabi_,in,2020-11-21 09:13:50,0,69,"RT @BKNgoid: #SobatBKN, Mimin mau ingetin buat kalian kalau hari ini adalah batas akhir pemberkasan online #CPNS2019 di portal https://t.co‚Ä¶","Kota Surabaya, Jawa Timur"
40,40,kppn_jayapura,in,2020-11-21 08:40:21,0,69,"RT @BKNgoid: #SobatBKN, Mimin mau ingetin buat kalian kalau hari ini adalah batas akhir pemberkasan online #CPNS2019 di portal https://t.co‚Ä¶",Jayapura
41,41,Gbigboss2,in,2020-11-21 07:22:56,0,69,"RT @BKNgoid: #SobatBKN, Mimin mau ingetin buat kalian kalau hari ini adalah batas akhir pemberkasan online #CPNS2019 di portal https://t.co‚Ä¶",
42,42,holikkurniawan_,in,2020-11-21 07:11:41,0,69,"RT @BKNgoid: #SobatBKN, Mimin mau ingetin buat kalian kalau hari ini adalah batas akhir pemberkasan online #CPNS2019 di portal https://t.co‚Ä¶",Banggai
43,43,RendiSa03267539,in,2020-11-21 06:52:29,0,69,"RT @BKNgoid: #SobatBKN, Mimin mau ingetin buat kalian kalau hari ini adalah batas akhir pemberkasan online #CPNS2019 di portal https://t.co‚Ä¶","Kalimantan Barat, Indonesia"
44,44,TornadoSinar,in,2020-11-21 06:50:05,0,69,"RT @BKNgoid: #SobatBKN, Mimin mau ingetin buat kalian kalau hari ini adalah batas akhir pemberkasan online #CPNS2019 di portal https://t.co‚Ä¶",
45,45,Reginaddicts,in,2020-11-21 06:18:24,0,69,"RT @BKNgoid: #SobatBKN, Mimin mau ingetin buat kalian kalau hari ini adalah batas akhir pemberkasan online #CPNS2019 di portal https://t.co‚Ä¶","South Sumatra, Indonesia"
46,46,UtaryCarlina,in,2020-11-21 06:15:25,0,69,"RT @BKNgoid: #SobatBKN, Mimin mau ingetin buat kalian kalau hari ini adalah batas akhir pemberkasan online #CPNS2019 di portal https://t.co‚Ä¶","Bandung, Indonesia"
47,47,thoyibfaisal,in,2020-11-21 06:03:23,0,69,"RT @BKNgoid: #SobatBKN, Mimin mau ingetin buat kalian kalau hari ini adalah batas akhir pemberkasan online #CPNS2019 di portal https://t.co‚Ä¶","Banyuwangi, Indonesia"
48,48,liau93,in,2020-11-21 05:55:52,0,69,"RT @BKNgoid: #SobatBKN, Mimin mau ingetin buat kalian kalau hari ini adalah batas akhir pemberkasan online #CPNS2019 di portal https://t.co‚Ä¶",Indonesia
49,49,Rurur_ID,in,2020-11-21 05:54:43,0,69,"RT @BKNgoid: #SobatBKN, Mimin mau ingetin buat kalian kalau hari ini adalah batas akhir pemberkasan online #CPNS2019 di portal https://t.co‚Ä¶","Kota Yogyakarta, Yogyakarta"
50,50,medlistel_,in,2020-11-21 05:49:51,0,69,"RT @BKNgoid: #SobatBKN, Mimin mau ingetin buat kalian kalau hari ini adalah batas akhir pemberkasan online #CPNS2019 di portal https://t.co‚Ä¶","Bengkulu, Indonesia"
51,51,riceinabowl131,in,2020-11-21 05:34:25,0,69,"RT @BKNgoid: #SobatBKN, Mimin mau ingetin buat kalian kalau hari ini adalah batas akhir pemberkasan online #CPNS2019 di portal https://t.co‚Ä¶",Outer Space üõ∏
52,52,agatachristy3,in,2020-11-21 05:34:01,0,69,"RT @BKNgoid: #SobatBKN, Mimin mau ingetin buat kalian kalau hari ini adalah batas akhir pemberkasan online #CPNS2019 di portal https://t.co‚Ä¶","Tegal, Jawa Tengah"
53,53,LuckyEkki,in,2020-11-21 05:23:53,0,69,"RT @BKNgoid: #SobatBKN, Mimin mau ingetin buat kalian kalau hari ini adalah batas akhir pemberkasan online #CPNS2019 di portal https://t.co‚Ä¶","Kota Palopo, Sulawesi Selatan"
54,54,andieeeeer,in,2020-11-21 05:15:02,0,69,"RT @BKNgoid: #SobatBKN, Mimin mau ingetin buat kalian kalau hari ini adalah batas akhir pemberkasan online #CPNS2019 di portal https://t.co‚Ä¶","√úT: -5.1371669,119.4782981"
55,55,stqmhh,in,2020-11-21 05:08:24,0,69,"RT @BKNgoid: #SobatBKN, Mimin mau ingetin buat kalian kalau hari ini adalah batas akhir pemberkasan online #CPNS2019 di portal https://t.co‚Ä¶",Banjarmasin
56,56,lintangtingtung,in,2020-11-21 05:07:48,0,69,"RT @BKNgoid: #SobatBKN, Mimin mau ingetin buat kalian kalau hari ini adalah batas akhir pemberkasan online #CPNS2019 di portal https://t.co‚Ä¶","Surabaya, Indonesia"
57,57,melukisenjaaa,in,2020-11-21 05:03:03,0,69,"RT @BKNgoid: #SobatBKN, Mimin mau ingetin buat kalian kalau hari ini adalah batas akhir pemberkasan online #CPNS2019 di portal https://t.co‚Ä¶",Deep Sea
58,58,erikphitoyo1,in,2020-11-21 05:02:48,0,69,"RT @BKNgoid: #SobatBKN, Mimin mau ingetin buat kalian kalau hari ini adalah batas akhir pemberkasan online #CPNS2019 di portal https://t.co‚Ä¶",Madiun
59,59,SUPRIYA28039536,in,2020-11-21 04:55:39,0,69,"RT @BKNgoid: #SobatBKN, Mimin mau ingetin buat kalian kalau hari ini adalah batas akhir pemberkasan online #CPNS2019 di portal https://t.co‚Ä¶",
60,60,martinyepe2,in,2020-11-21 04:45:41,0,69,"RT @BKNgoid: #SobatBKN, Mimin mau ingetin buat kalian kalau hari ini adalah batas akhir pemberkasan online #CPNS2019 di portal https://t.co‚Ä¶",
61,61,Putrii96,in,2020-11-21 04:45:09,0,69,"RT @BKNgoid: #SobatBKN, Mimin mau ingetin buat kalian kalau hari ini adalah batas akhir pemberkasan online #CPNS2019 di portal https://t.co‚Ä¶",
62,62,mayowiinatasya,in,2020-11-21 04:44:44,0,69,"RT @BKNgoid: #SobatBKN, Mimin mau ingetin buat kalian kalau hari ini adalah batas akhir pemberkasan online #CPNS2019 di portal https://t.co‚Ä¶",
63,63,APENG_23,in,2020-11-21 04:43:00,0,69,"RT @BKNgoid: #SobatBKN, Mimin mau ingetin buat kalian kalau hari ini adalah batas akhir pemberkasan online #CPNS2019 di portal https://t.co‚Ä¶",Mataram - Lombok - NTB
64,64,rizkadwisvra,in,2020-11-21 04:34:28,0,69,"RT @BKNgoid: #SobatBKN, Mimin mau ingetin buat kalian kalau hari ini adalah batas akhir pemberkasan online #CPNS2019 di portal https://t.co‚Ä¶","Medan,Indonesia"
65,65,hacloudies,in,2020-11-21 04:34:03,0,69,"RT @BKNgoid: #SobatBKN, Mimin mau ingetin buat kalian kalau hari ini adalah batas akhir pemberkasan online #CPNS2019 di portal https://t.co‚Ä¶",Sapphire Blue Ocean 
66,66,faridk1810,in,2020-11-21 04:27:44,0,69,"RT @BKNgoid: #SobatBKN, Mimin mau ingetin buat kalian kalau hari ini adalah batas akhir pemberkasan online #CPNS2019 di portal https://t.co‚Ä¶","Purwokerto Selatan, Indonesia"
67,67,Beny_Hartanto89,in,2020-11-21 04:22:21,0,69,"RT @BKNgoid: #SobatBKN, Mimin mau ingetin buat kalian kalau hari ini adalah batas akhir pemberkasan online #CPNS2019 di portal https://t.co‚Ä¶",Bondowoso
68,68,yonikaps,in,2020-11-21 04:21:38,0,69,"RT @BKNgoid: #SobatBKN, Mimin mau ingetin buat kalian kalau hari ini adalah batas akhir pemberkasan online #CPNS2019 di portal https://t.co‚Ä¶",
69,69,putribayu_,in,2020-11-21 04:20:23,0,69,"RT @BKNgoid: #SobatBKN, Mimin mau ingetin buat kalian kalau hari ini adalah batas akhir pemberkasan online #CPNS2019 di portal https://t.co‚Ä¶","Jawa Barat, Indonesia"
70,70,UlfatulGold,in,2020-11-21 04:17:56,0,69,"RT @BKNgoid: #SobatBKN, Mimin mau ingetin buat kalian kalau hari ini adalah batas akhir pemberkasan online #CPNS2019 di portal https://t.co‚Ä¶",Indonesia
71,71,BKNgoid,in,2020-11-21 04:16:33,551,69,"#SobatBKN, Mimin mau ingetin buat kalian kalau hari ini adalah batas akhir pemberkasan online #CPNS2019 di portal‚Ä¶ https://t.co/ZNlifAQGKj","Jakarta, Indonesia"
72,72,DekiSulkarnain,in,2020-11-20 19:34:10,0,66,RT @BKNgoid: Inga...Inga...Pascaterima notifikasi dari DocuDigital #SobatBKN hanya diberikan kesempatan satu kali untuk mengunggah ulang ke‚Ä¶,Kapuas hulu - kalimantan barat
73,73,Diviola1,in,2020-11-20 15:00:21,0,300,"RT @BKNgoid: #SobatBKN, Penetapan TMT Peserta Lulus Seleksi CPNS 2019 Bergantung Usul Masuk Instansi https://t.co/UubdX3JUJN",
74,74,Maulinamakhmul,in,2020-11-20 15:00:11,0,66,RT @BKNgoid: Inga...Inga...Pascaterima notifikasi dari DocuDigital #SobatBKN hanya diberikan kesempatan satu kali untuk mengunggah ulang ke‚Ä¶,
75,75,BKNgoid,in,2020-11-20 13:18:31,27,0,Berita mengenai Rapat Monitoring dan Evaluasi Triwulan III dan Perkiraan Capaian Kinerja Triwulan IV Tahun Anggaran‚Ä¶ https://t.co/fq6GRl8lbz,"Jakarta, Indonesia"
76,76,SUPRIYA28039536,in,2020-11-20 10:05:42,0,1,RT @bkn2surabaya: Inga...Inga...Pascaterima notifikasi dari DocuDigital #SobatBKN hanya diberikan kesempatan satu kali untuk mengunggah ula‚Ä¶,
77,77,bkn2surabaya,in,2020-11-20 10:02:53,9,1,Inga...Inga...Pascaterima notifikasi dari DocuDigital #SobatBKN hanya diberikan kesempatan satu kali untuk mengungg‚Ä¶ https://t.co/medZcUGtpq,"Sidoarjo, Surabaya"
78,78,hartonoan_,in,2020-11-20 05:55:57,0,300,"RT @BKNgoid: #SobatBKN, Penetapan TMT Peserta Lulus Seleksi CPNS 2019 Bergantung Usul Masuk Instansi https://t.co/UubdX3JUJN",
79,79,OnikSri,in,2020-11-20 05:54:42,0,178,"RT @BKNgoid: Dalam masa pemberkasan CPNS2019 ini, #SobatBKN g perlu terlalu khwatir dg berkas yg sdh diunggah, apakah sdh memenuhi syarat /‚Ä¶",
80,80,one_ipin,in,2020-11-20 03:55:43,0,66,RT @BKNgoid: Inga...Inga...Pascaterima notifikasi dari DocuDigital #SobatBKN hanya diberikan kesempatan satu kali untuk mengunggah ulang ke‚Ä¶,"Blitar, Jawa Timur"
0,0,PratiknaAnanta,in,2020-11-29 01:00:57,1,0,"Kapolres Kulonprogo beserta Staf dan Jajaran mengucapkan Selamat HUT KORPRI ke-49,
.
#HUTKORPRIKe49
#HUTKORPRI‚Ä¶ https://t.co/HqkOQuCvoM",
1,1,LendahPolres,in,2020-11-29 00:36:25,0,0,"Kapolres Kulonprogo beserta Staf dan Jajaran mengucapkan Selamat HUT KORPRI ke-49,
 ‚ÄúAbdi Negara KORPRI berkontribu‚Ä¶ https://t.co/0LRJVP82RX",
2,2,Gedeantaragmai1,in,2020-11-29 00:23:23,1,0,"Kapolres Kulonprogo beserta Staf dan Jajaran mengucapkan Selamat HUT KORPRI ke-49,
 ‚ÄúAbdi Negara KORPRI berkontribu‚Ä¶ https://t.co/1KXF4nnZ0U",
3,3,kanimsurakarta,in,2020-11-28 13:30:28,0,0,"Tidak hanya glow up fisik, tapi glow up juga pelayanan petugasnya. Semoga glow up-nya kantor Miska ini bermanfaat b‚Ä¶ https://t.co/iENvJenNDm","Surakarta, Jawa Tengah"
4,4,tribunkaltim,und,2020-11-28 03:56:49,0,0,"https://t.co/e9gmsqdna7
#gaji #asnkinibeda #PNS","Balikpapan, Indonesia"
5,5,toycrane1,in,2020-11-27 13:18:16,6,0,Terima kasih banyak dukungan dan doa baik2nya teman2 semua üôèüôèüôè semoga tdk ada korban seperti saya di tahun2 berikut‚Ä¶ https://t.co/henMis7WdP,
6,6,tribunkaltim,und,2020-11-27 00:00:19,0,0,"https://t.co/W4pNpQ7hLF
#pppk #p3k #ASN #asnkinibeda","Balikpapan, Indonesia"
7,7,BPOM_Manokwari,in,2020-11-26 23:40:09,0,0,"Repost : #BPOM_RI
#SahabatBPOM, Badan POM selenggarakan Rapat Tinjauan Manajemen (RTM) terhadap implementasi Qualit‚Ä¶ https://t.co/5IUFHMB1L7","Papua Barat, Indonesia"
8,8,BPOM_Manokwari,in,2020-11-26 08:38:20,0,0,"Repost : #BPOM_RI
Pengumuman Seleksi Terbuka Jabatan Kepala Biro Kerja Sama dan Hubungan Masyarakat
.
Informasi len‚Ä¶ https://t.co/7BmJNhki7X","Papua Barat, Indonesia"
9,9,KABUPATENFAKFAK,in,2020-11-25 14:02:33,0,1,"RT @BPOM_Manokwari: Repost : #BPOM_RI
#SahabatBPOM, Selamat Hari Guru Nasional!
.
Terimakasih atas dedikasi para guru yang tak kenal lelah‚Ä¶","FAKFAK, WEST PAPUA INDONESIA"
10,10,dhikanoman,en,2020-11-25 09:21:59,0,0,"November

#myjob
#mylife
#ASNkinibeda 
#abdinegara https://t.co/DtDgkLTN8o",Jakarta Capital Region
11,11,BPOM_Manokwari,in,2020-11-25 07:03:56,0,1,"Repost : #BPOM_RI
#SahabatBPOM, Selamat Hari Guru Nasional!
.
Terimakasih atas dedikasi para guru yang tak kenal le‚Ä¶ https://t.co/ITxn2TvYa3","Papua Barat, Indonesia"
12,12,BPOM_Manokwari,in,2020-11-25 07:02:03,0,0,"Repost : #BPOM_RI
#SahabatBPOM, hingga saat ini belum ada vaksin atau obat yang terbukti dapat mengobati atau mence‚Ä¶ https://t.co/8JkSynWjL3","Papua Barat, Indonesia"
13,13,BPOM_Manokwari,in,2020-11-25 06:58:17,0,0,"Repost : #BPOM_RI
#SahabatBPOM, mengajarkan protokol kesehatan pada anak, adik, keponakan, sepupu yang masih kecil‚Ä¶ https://t.co/mhgUW3S8YS","Papua Barat, Indonesia"
14,14,BPOM_Manokwari,in,2020-11-25 06:51:35,0,0,"Keluarga Besar Balai POM di Manokwari Mengucapkan:
Selamat Hari Guru Nasional, 25 November 2020.
.
#bpomri
#Selamat‚Ä¶ https://t.co/84op71tm1A","Papua Barat, Indonesia"
15,15,bkpsdm_kota,in,2020-11-24 13:14:32,0,0,Penyemprotan desinfektan secara berkala pada gedung BKPSDM Kota Palangka Raya oleh tim Damkar sebagai langkah pence‚Ä¶ https://t.co/6jgoScXdqj,JALAN G.OBOS XI
16,16,BPOM_Manokwari,in,2020-11-23 23:22:00,0,0,"Repost : @lokapom.sorong
Jumat (20/11), Loka POM di Kabupaten Sorong melaksanakan pemeriksaan ke salah satu Sarana‚Ä¶ https://t.co/gwGsBqz8Y8","Papua Barat, Indonesia"
17,17,BPOM_Manokwari,in,2020-11-23 23:20:44,0,0,"Repost : @lokapom.sorong
Jumat (20/11), Loka POM di Kabupaten Sorong melaksanakan pemeriksaan ke Puskesmas Malawei‚Ä¶ https://t.co/DAzkwmMFlm","Papua Barat, Indonesia"
18,18,BPOM_Manokwari,in,2020-11-23 23:19:19,0,0,"Repost : @lokapom.sorong
Kamis (19/11), Loka POM di Kabupaten Sorong melaksanakan pemeriksaan ke salah satu Sarana‚Ä¶ https://t.co/vXX2iDtxkT","Papua Barat, Indonesia"
19,19,BPOM_Manokwari,in,2020-11-23 23:18:05,0,0,"Repost : @lokapom.sorong
Kamis (19/11), Loka POM di Kabupaten Sorong melaksanakan pemeriksaan ke Puskesmas Klasaman‚Ä¶ https://t.co/r2UmYbusi6","Papua Barat, Indonesia"
20,20,BPOM_Manokwari,in,2020-11-23 23:16:25,0,0,"Repost : #BPOM_RI
#SahabatBPOM, Badan POM sedang menyiapkan Rancangan Peraturan Badan Pengawas Obat dan Makanan (Pe‚Ä¶ https://t.co/DZMLfbjm9b","Papua Barat, Indonesia"
21,21,BPOM_Manokwari,in,2020-11-23 23:14:48,0,0,"Repost : #BPOM_RI
#SahabatBPOM, berikut penjelasan Badan POM mengenai Keamanan Produk Metformin
.
Selengkapnya dapa‚Ä¶ https://t.co/K1HwhI8pym","Papua Barat, Indonesia"
22,22,BPOM_Manokwari,in,2020-11-23 23:13:01,0,0,"Repost : #BPOM_RI
#SahabatBPOM, berikut penjelasan Badan POM mengenai Pencabutan Emergency Use Authorization (EUA)‚Ä¶ https://t.co/92yvozYfzo","Papua Barat, Indonesia"
23,23,ajisubekti90,in,2020-11-23 03:53:44,0,0,"@BKNgoid
@tjahjo_kumolo
@riekediahp
@kempanrb
@abiridwan2173
@DPR_RI

Silahkan disimak bagi yg memiliki power, semo‚Ä¶ https://t.co/bGSpvhSU2g",Purwokerto
24,24,ajisubekti90,in,2020-11-21 14:17:46,4,0,@BKNgoid Dan hingga hari ini 21/11/2020 tidak ada jawaban dari sanggahan yg saya kirim. @kempanrb @tjahjo_kumolo‚Ä¶ https://t.co/Yc36Ll58go,Purwokerto
25,25,BPOM_Manokwari,in,2020-11-20 04:48:41,0,0,"Masa pandemic cobvid-19 dan New Normal tidak menjadilkan masyarakat patah semangat, banyak bermunculan UMKM pangan.‚Ä¶ https://t.co/WbkPsIr1xJ","Papua Barat, Indonesia"
