,screen_name,lang,created_at,fav_count,retweet_count,text,location
0,PratiknaAnanta,in,2020-11-29 01:00:57,1,0,"Kapolres Kulonprogo beserta Staf dan Jajaran mengucapkan Selamat HUT KORPRI ke-49,
.
#HUTKORPRIKe49
#HUTKORPRI‚Ä¶ https://t.co/HqkOQuCvoM",
1,LendahPolres,in,2020-11-29 00:36:25,0,0,"Kapolres Kulonprogo beserta Staf dan Jajaran mengucapkan Selamat HUT KORPRI ke-49,
 ‚ÄúAbdi Negara KORPRI berkontribu‚Ä¶ https://t.co/0LRJVP82RX",
2,Gedeantaragmai1,in,2020-11-29 00:23:23,1,0,"Kapolres Kulonprogo beserta Staf dan Jajaran mengucapkan Selamat HUT KORPRI ke-49,
 ‚ÄúAbdi Negara KORPRI berkontribu‚Ä¶ https://t.co/1KXF4nnZ0U",
3,kanimsurakarta,in,2020-11-28 13:30:28,0,0,"Tidak hanya glow up fisik, tapi glow up juga pelayanan petugasnya. Semoga glow up-nya kantor Miska ini bermanfaat b‚Ä¶ https://t.co/iENvJenNDm","Surakarta, Jawa Tengah"
4,tribunkaltim,und,2020-11-28 03:56:49,0,0,"https://t.co/e9gmsqdna7
#gaji #asnkinibeda #PNS","Balikpapan, Indonesia"
5,toycrane1,in,2020-11-27 13:18:16,6,0,Terima kasih banyak dukungan dan doa baik2nya teman2 semua üôèüôèüôè semoga tdk ada korban seperti saya di tahun2 berikut‚Ä¶ https://t.co/henMis7WdP,
6,tribunkaltim,und,2020-11-27 00:00:19,0,0,"https://t.co/W4pNpQ7hLF
#pppk #p3k #ASN #asnkinibeda","Balikpapan, Indonesia"
7,BPOM_Manokwari,in,2020-11-26 23:40:09,0,0,"Repost : #BPOM_RI
#SahabatBPOM, Badan POM selenggarakan Rapat Tinjauan Manajemen (RTM) terhadap implementasi Qualit‚Ä¶ https://t.co/5IUFHMB1L7","Papua Barat, Indonesia"
8,BPOM_Manokwari,in,2020-11-26 08:38:20,0,0,"Repost : #BPOM_RI
Pengumuman Seleksi Terbuka Jabatan Kepala Biro Kerja Sama dan Hubungan Masyarakat
.
Informasi len‚Ä¶ https://t.co/7BmJNhki7X","Papua Barat, Indonesia"
9,KABUPATENFAKFAK,in,2020-11-25 14:02:33,0,1,"RT @BPOM_Manokwari: Repost : #BPOM_RI
#SahabatBPOM, Selamat Hari Guru Nasional!
.
Terimakasih atas dedikasi para guru yang tak kenal lelah‚Ä¶","FAKFAK, WEST PAPUA INDONESIA"
10,dhikanoman,en,2020-11-25 09:21:59,0,0,"November

#myjob
#mylife
#ASNkinibeda 
#abdinegara https://t.co/DtDgkLTN8o",Jakarta Capital Region
11,BPOM_Manokwari,in,2020-11-25 07:03:56,0,1,"Repost : #BPOM_RI
#SahabatBPOM, Selamat Hari Guru Nasional!
.
Terimakasih atas dedikasi para guru yang tak kenal le‚Ä¶ https://t.co/ITxn2TvYa3","Papua Barat, Indonesia"
12,BPOM_Manokwari,in,2020-11-25 07:02:03,0,0,"Repost : #BPOM_RI
#SahabatBPOM, hingga saat ini belum ada vaksin atau obat yang terbukti dapat mengobati atau mence‚Ä¶ https://t.co/8JkSynWjL3","Papua Barat, Indonesia"
13,BPOM_Manokwari,in,2020-11-25 06:58:17,0,0,"Repost : #BPOM_RI
#SahabatBPOM, mengajarkan protokol kesehatan pada anak, adik, keponakan, sepupu yang masih kecil‚Ä¶ https://t.co/mhgUW3S8YS","Papua Barat, Indonesia"
14,BPOM_Manokwari,in,2020-11-25 06:51:35,0,0,"Keluarga Besar Balai POM di Manokwari Mengucapkan:
Selamat Hari Guru Nasional, 25 November 2020.
.
#bpomri
#Selamat‚Ä¶ https://t.co/84op71tm1A","Papua Barat, Indonesia"
15,bkpsdm_kota,in,2020-11-24 13:14:32,0,0,Penyemprotan desinfektan secara berkala pada gedung BKPSDM Kota Palangka Raya oleh tim Damkar sebagai langkah pence‚Ä¶ https://t.co/6jgoScXdqj,JALAN G.OBOS XI
16,BPOM_Manokwari,in,2020-11-23 23:22:00,0,0,"Repost : @lokapom.sorong
Jumat (20/11), Loka POM di Kabupaten Sorong melaksanakan pemeriksaan ke salah satu Sarana‚Ä¶ https://t.co/gwGsBqz8Y8","Papua Barat, Indonesia"
17,BPOM_Manokwari,in,2020-11-23 23:20:44,0,0,"Repost : @lokapom.sorong
Jumat (20/11), Loka POM di Kabupaten Sorong melaksanakan pemeriksaan ke Puskesmas Malawei‚Ä¶ https://t.co/DAzkwmMFlm","Papua Barat, Indonesia"
18,BPOM_Manokwari,in,2020-11-23 23:19:19,0,0,"Repost : @lokapom.sorong
Kamis (19/11), Loka POM di Kabupaten Sorong melaksanakan pemeriksaan ke salah satu Sarana‚Ä¶ https://t.co/vXX2iDtxkT","Papua Barat, Indonesia"
19,BPOM_Manokwari,in,2020-11-23 23:18:05,0,0,"Repost : @lokapom.sorong
Kamis (19/11), Loka POM di Kabupaten Sorong melaksanakan pemeriksaan ke Puskesmas Klasaman‚Ä¶ https://t.co/r2UmYbusi6","Papua Barat, Indonesia"
20,BPOM_Manokwari,in,2020-11-23 23:16:25,0,0,"Repost : #BPOM_RI
#SahabatBPOM, Badan POM sedang menyiapkan Rancangan Peraturan Badan Pengawas Obat dan Makanan (Pe‚Ä¶ https://t.co/DZMLfbjm9b","Papua Barat, Indonesia"
21,BPOM_Manokwari,in,2020-11-23 23:14:48,0,0,"Repost : #BPOM_RI
#SahabatBPOM, berikut penjelasan Badan POM mengenai Keamanan Produk Metformin
.
Selengkapnya dapa‚Ä¶ https://t.co/K1HwhI8pym","Papua Barat, Indonesia"
22,BPOM_Manokwari,in,2020-11-23 23:13:01,0,0,"Repost : #BPOM_RI
#SahabatBPOM, berikut penjelasan Badan POM mengenai Pencabutan Emergency Use Authorization (EUA)‚Ä¶ https://t.co/92yvozYfzo","Papua Barat, Indonesia"
23,ajisubekti90,in,2020-11-23 03:53:44,0,0,"@BKNgoid
@tjahjo_kumolo
@riekediahp
@kempanrb
@abiridwan2173
@DPR_RI

Silahkan disimak bagi yg memiliki power, semo‚Ä¶ https://t.co/bGSpvhSU2g",Purwokerto
24,ajisubekti90,in,2020-11-21 14:17:46,4,0,@BKNgoid Dan hingga hari ini 21/11/2020 tidak ada jawaban dari sanggahan yg saya kirim. @kempanrb @tjahjo_kumolo‚Ä¶ https://t.co/Yc36Ll58go,Purwokerto
25,BPOM_Manokwari,in,2020-11-20 04:48:41,0,0,"Masa pandemic cobvid-19 dan New Normal tidak menjadilkan masyarakat patah semangat, banyak bermunculan UMKM pangan.‚Ä¶ https://t.co/WbkPsIr1xJ","Papua Barat, Indonesia"
